consigliodeuropait,https://www.coe.int/it/web/portal/full-news
eucommission,https://ec.europa.eu/commission/presscorner/home/en?keywords=&dotyp=0#news-block
consiglioeuropeo,https://www.consilium.europa.eu/it/press/press-releases/
esma,https://www.esma.europa.eu/press-news/esma-news
horizon2020,https://ec.europa.eu/programmes/horizon2020/newsroom/
easme,https://ec.europa.eu/easme/en/news/
eit,https://eit.europa.eu/news-events/news
eucommissionit,https://ec.europa.eu/italy/news_it
eucommissiontrade,https://ec.europa.eu/trade/trade-policy-and-you/publications/news-archive/
euparliament,https://www.europarl.europa.eu/news/it/press-room
cor,https://cor.europa.eu/it/news/Pages/default.aspx
eceducation,https://ec.europa.eu/education/news/
easpecialneeds,https://www.european-agency.org/news
jrc,https://ec.europa.eu/jrc/en/news-list
ecenvironment,https://ec.europa.eu/environment/news_en
promis,https://www.promisalute.it/servizi/notizie/notizie_homepage.aspx
ecfisheries,https://ec.europa.eu/fisheries/press_en
imi,https://www.imi.europa.eu/news-events/newsroom
eurostat,https://ec.europa.eu/eurostat/news/whats-new
eucommissionnewsroom,https://ec.europa.eu/newsroom/index.cfm
euregha,http://www.euregha.net/news/
earlall,https://www.earlall.eu/news/
eusalp,https://www.alpine-region.eu/news
areflh,http://www.areflh.org/en/
first_aster,https://first.aster.it/_aster_/eventi
eib,https://www.eib.org/en/press/all/index.htm?q=&sortColumn=startDate&sortDir=desc&pageNumber=0&itemPerPage=10&pageable=true&language=EN&defaultLanguage=EN&mediaTypes=press-release&mediaTypes=media-new&mediaTypes=media-speech&mediaTypes=generic-video&ormediaTypes=true&yearFrom=&yearTo=&orMediaTypes=true&orTags=true&orCountries=true&orRegions=true&orSubjects=true#
eif,https://www.eif.org/news_centre/press_releases/index.htm
inforegio,https://ec.europa.eu/regional_policy/it/newsroom/news/
euparliamentevents,https://www.europarl.europa.eu/thinktank/it/upcomingevents.html
urbact,https://urbact.eu/urbact-news
interact,https://www.interact-eu.net/#news
europeanagencyspecialneeds,https://www.european-agency.org/news
enicbcmed,http://www.enicbcmed.eu/info-center/news
interreg,https://www.interregeurope.eu/search/?tx_tevsearch_search%5BentityTypes%5D%5B0%5D=news&tx_tevsearch_search%5BfilterMap%5D=news_and_events&cHash=77de13491bcdbf115bcc65131e10499a
fse,https://ec.europa.eu/esf/main.jsp?catId=67&langId=it
cpmr,https://cpmr.org/news/
espon,https://www.espon.eu/news-events/news
ectrade,https://trade.ec.europa.eu/doclib/press/
pon,https://www.istruzione.it/pon/
chafea,https://ec.europa.eu/chafea/agri/newsroom-and-events/news
eeanews,https://www.eea.europa.eu/highlights/
eeaarticles,https://www.eea.europa.eu/articles
apre,https://www.apre.it/notizie
